Pais,Departamento,Municipio
Colombia,Antioquia,Medellín
Colombia,Antioquia,Abejorral
Colombia,Antioquia,Abriaquí
Colombia,Antioquia,Alejandría
Colombia,Antioquia,Amagá
Colombia,Antioquia,Amalfi
Colombia,Antioquia,Andes
Colombia,Antioquia,Angelópolis
Colombia,Antioquia,Angostura
Colombia,Antioquia,Anorí
Colombia,Antioquia,Santa Fé De Antioquia
Colombia,Antioquia,Anzá
Colombia,Antioquia,Apartadó
Colombia,Antioquia,Arboletes
Colombia,Antioquia,Argelia
Colombia,Antioquia,Armenia
Colombia,Antioquia,Barbosa
Colombia,Antioquia,Belmira
Colombia,Antioquia,Bello
Colombia,Antioquia,Betania
Colombia,Antioquia,Betulia
Colombia,Antioquia,Ciudad Bolívar
Colombia,Antioquia,Briceño
Colombia,Antioquia,Buriticá
Colombia,Antioquia,Cáceres
Colombia,Antioquia,Caicedo
Colombia,Antioquia,Caldas
Colombia,Antioquia,Campamento
Colombia,Antioquia,Cañasgordas
Colombia,Antioquia,Caracolí
Colombia,Antioquia,Caramanta
Colombia,Antioquia,Carepa
Colombia,Antioquia,El Carmen De Viboral
Colombia,Antioquia,Carolina
Colombia,Antioquia,Caucasia
Colombia,Antioquia,Chigorodó
Colombia,Antioquia,Cisneros
Colombia,Antioquia,Cocorná
Colombia,Antioquia,Concepción
Colombia,Antioquia,Concordia
Colombia,Antioquia,Copacabana
Colombia,Antioquia,Dabeiba
Colombia,Antioquia,Donmatías
Colombia,Antioquia,Ebéjico
Colombia,Antioquia,El Bagre
Colombia,Antioquia,Entrerríos
Colombia,Antioquia,Envigado
Colombia,Antioquia,Fredonia
Colombia,Antioquia,Frontino
Colombia,Antioquia,Giraldo
Colombia,Antioquia,Girardota
Colombia,Antioquia,Gómez Plata
Colombia,Antioquia,Granada
Colombia,Antioquia,Guadalupe
Colombia,Antioquia,Guarne
Colombia,Antioquia,Guatapé
Colombia,Antioquia,Heliconia
Colombia,Antioquia,Hispania
Colombia,Antioquia,Itagüí
Colombia,Antioquia,Ituango
Colombia,Antioquia,Jardín
Colombia,Antioquia,Jericó
Colombia,Antioquia,La Ceja
Colombia,Antioquia,La Estrella
Colombia,Antioquia,La Pintada
Colombia,Antioquia,La Unión
Colombia,Antioquia,Liborina
Colombia,Antioquia,Maceo
Colombia,Antioquia,Marinilla
Colombia,Antioquia,Montebello
Colombia,Antioquia,Murindó
Colombia,Antioquia,Mutatá
Colombia,Antioquia,Nariño
Colombia,Antioquia,Necoclí
Colombia,Antioquia,Nechí
Colombia,Antioquia,Olaya
Colombia,Antioquia,Peñol
Colombia,Antioquia,Peque
Colombia,Antioquia,Pueblorrico
Colombia,Antioquia,Puerto Berrío
Colombia,Antioquia,Puerto Nare
Colombia,Antioquia,Puerto Triunfo
Colombia,Antioquia,Remedios
Colombia,Antioquia,Retiro
Colombia,Antioquia,Rionegro
Colombia,Antioquia,Sabanalarga
Colombia,Antioquia,Sabaneta
Colombia,Antioquia,Salgar
Colombia,Antioquia,San Andrés De Cuerquía
Colombia,Antioquia,San Carlos
Colombia,Antioquia,San Francisco
Colombia,Antioquia,San Jerónimo
Colombia,Antioquia,San José De La Montaña
Colombia,Antioquia,San Juan De Urabá
Colombia,Antioquia,San Luis
Colombia,Antioquia,San Pedro De Los Milagros
Colombia,Antioquia,San Pedro De Urabá
Colombia,Antioquia,San Rafael
Colombia,Antioquia,San Roque
Colombia,Antioquia,San Vicente Ferrer
Colombia,Antioquia,Santa Bárbara
Colombia,Antioquia,Santa Rosa De Osos
Colombia,Antioquia,Santo Domingo
Colombia,Antioquia,El Santuario
Colombia,Antioquia,Segovia
Colombia,Antioquia,Sonsón
Colombia,Antioquia,Sopetrán
Colombia,Antioquia,Támesis
Colombia,Antioquia,Tarazá
Colombia,Antioquia,Tarso
Colombia,Antioquia,Titiribí
Colombia,Antioquia,Toledo
Colombia,Antioquia,Turbo
Colombia,Antioquia,Uramita
Colombia,Antioquia,Urrao
Colombia,Antioquia,Valdivia
Colombia,Antioquia,Valparaíso
Colombia,Antioquia,Vegachí
Colombia,Antioquia,Venecia
Colombia,Antioquia,Vigía Del Fuerte
Colombia,Antioquia,Yalí
Colombia,Antioquia,Yarumal
Colombia,Antioquia,Yolombó
Colombia,Antioquia,Yondó
Colombia,Antioquia,Zaragoza
Colombia,Atlántico,Barranquilla
Colombia,Atlántico,Baranoa
Colombia,Atlántico,Campo De La Cruz
Colombia,Atlántico,Candelaria
Colombia,Atlántico,Galapa
Colombia,Atlántico,Juan De Acosta
Colombia,Atlántico,Luruaco
Colombia,Atlántico,Malambo
Colombia,Atlántico,Manatí
Colombia,Atlántico,Palmar De Varela
Colombia,Atlántico,Piojó
Colombia,Atlántico,Polonuevo
Colombia,Atlántico,Ponedera
Colombia,Atlántico,Puerto Colombia
Colombia,Atlántico,Repelón
Colombia,Atlántico,Sabanagrande
Colombia,Atlántico,Sabanalarga
Colombia,Atlántico,Santa Lucía
Colombia,Atlántico,Santo Tomás
Colombia,Atlántico,Soledad
Colombia,Atlántico,Suan
Colombia,Atlántico,Tubará
Colombia,Atlántico,Usiacurí
Colombia,Bogotá,Bogotá D. C.
Colombia,Bolívar,Cartagena De Indias
Colombia,Bolívar,Achí
Colombia,Bolívar,Altos Del Rosario
Colombia,Bolívar,Arenal
Colombia,Bolívar,Arjona
Colombia,Bolívar,Arroyohondo
Colombia,Bolívar,Barranco De Loba
Colombia,Bolívar,Calamar
Colombia,Bolívar,Cantagallo
Colombia,Bolívar,Cicuco
Colombia,Bolívar,Córdoba
Colombia,Bolívar,Clemencia
Colombia,Bolívar,El Carmen De Bolívar
Colombia,Bolívar,El Guamo
Colombia,Bolívar,El Peñón
Colombia,Bolívar,Hatillo De Loba
Colombia,Bolívar,Magangué
Colombia,Bolívar,Mahates
Colombia,Bolívar,Margarita
Colombia,Bolívar,María La Baja
Colombia,Bolívar,Montecristo
Colombia,Bolívar,Mompós
Colombia,Bolívar,Morales
Colombia,Bolívar,Norosí
Colombia,Bolívar,Pinillos
Colombia,Bolívar,Regidor
Colombia,Bolívar,Río Viejo
Colombia,Bolívar,San Cristóbal
Colombia,Bolívar,San Estanislao
Colombia,Bolívar,San Fernando
Colombia,Bolívar,San Jacinto
Colombia,Bolívar,San Jacinto Del Cauca
Colombia,Bolívar,San Juan Nepomuceno
Colombia,Bolívar,San Martín De Loba
Colombia,Bolívar,San Pablo
Colombia,Bolívar,Santa Catalina
Colombia,Bolívar,Santa Rosa
Colombia,Bolívar,Santa Rosa Del Sur
Colombia,Bolívar,Simití
Colombia,Bolívar,Soplaviento
Colombia,Bolívar,Talaigua Nuevo
Colombia,Bolívar,Tiquisio
Colombia,Bolívar,Turbaco
Colombia,Bolívar,Turbaná
Colombia,Bolívar,Villanueva
Colombia,Bolívar,Zambrano
Colombia,Boyacá,Tunja
Colombia,Boyacá,Almeida
Colombia,Boyacá,Aquitania
Colombia,Boyacá,Arcabuco
Colombia,Boyacá,Belén
Colombia,Boyacá,Berbeo
Colombia,Boyacá,Betéitiva
Colombia,Boyacá,Boavita
Colombia,Boyacá,Boyacá
Colombia,Boyacá,Briceño
Colombia,Boyacá,Buenavista
Colombia,Boyacá,Busbanzá
Colombia,Boyacá,Caldas
Colombia,Boyacá,Campohermoso
Colombia,Boyacá,Cerinza
Colombia,Boyacá,Chinavita
Colombia,Boyacá,Chiquinquirá
Colombia,Boyacá,Chiscas
Colombia,Boyacá,Chita
Colombia,Boyacá,Chitaraque
Colombia,Boyacá,Chivatá
Colombia,Boyacá,Ciénega
Colombia,Boyacá,Cómbita
Colombia,Boyacá,Coper
Colombia,Boyacá,Corrales
Colombia,Boyacá,Covarachía
Colombia,Boyacá,Cubará
Colombia,Boyacá,Cucaita
Colombia,Boyacá,Cuítiva
Colombia,Boyacá,Chíquiza
Colombia,Boyacá,Chivor
Colombia,Boyacá,Duitama
Colombia,Boyacá,El Cocuy
Colombia,Boyacá,El Espino
Colombia,Boyacá,Firavitoba
Colombia,Boyacá,Floresta
Colombia,Boyacá,Gachantivá
Colombia,Boyacá,Gámeza
Colombia,Boyacá,Garagoa
Colombia,Boyacá,Guacamayas
Colombia,Boyacá,Guateque
Colombia,Boyacá,Guayatá
Colombia,Boyacá,Güicán De La Sierra
Colombia,Boyacá,Iza
Colombia,Boyacá,Jenesano
Colombia,Boyacá,Jericó
Colombia,Boyacá,Labranzagrande
Colombia,Boyacá,La Capilla
Colombia,Boyacá,La Victoria
Colombia,Boyacá,La Uvita
Colombia,Boyacá,Villa De Leyva
Colombia,Boyacá,Macanal
Colombia,Boyacá,Maripí
Colombia,Boyacá,Miraflores
Colombia,Boyacá,Mongua
Colombia,Boyacá,Monguí
Colombia,Boyacá,Moniquirá
Colombia,Boyacá,Motavita
Colombia,Boyacá,Muzo
Colombia,Boyacá,Nobsa
Colombia,Boyacá,Nuevo Colón
Colombia,Boyacá,Oicatá
Colombia,Boyacá,Otanche
Colombia,Boyacá,Pachavita
Colombia,Boyacá,Páez
Colombia,Boyacá,Paipa
Colombia,Boyacá,Pajarito
Colombia,Boyacá,Panqueba
Colombia,Boyacá,Pauna
Colombia,Boyacá,Paya
Colombia,Boyacá,Paz De Río
Colombia,Boyacá,Pesca
Colombia,Boyacá,Pisba
Colombia,Boyacá,Puerto Boyacá
Colombia,Boyacá,Quípama
Colombia,Boyacá,Ramiriquí
Colombia,Boyacá,Ráquira
Colombia,Boyacá,Rondón
Colombia,Boyacá,Saboyá
Colombia,Boyacá,Sáchica
Colombia,Boyacá,Samacá
Colombia,Boyacá,San Eduardo
Colombia,Boyacá,San José De Pare
Colombia,Boyacá,San Luis De Gaceno
Colombia,Boyacá,San Mateo
Colombia,Boyacá,San Miguel De Sema
Colombia,Boyacá,San Pablo De Borbur
Colombia,Boyacá,Santana
Colombia,Boyacá,Santa María
Colombia,Boyacá,Santa Rosa De Viterbo
Colombia,Boyacá,Santa Sofía
Colombia,Boyacá,Sativanorte
Colombia,Boyacá,Sativasur
Colombia,Boyacá,Siachoque
Colombia,Boyacá,Soatá
Colombia,Boyacá,Socotá
Colombia,Boyacá,Socha
Colombia,Boyacá,Sogamoso
Colombia,Boyacá,Somondoco
Colombia,Boyacá,Sora
Colombia,Boyacá,Sotaquirá
Colombia,Boyacá,Soracá
Colombia,Boyacá,Susacón
Colombia,Boyacá,Sutamarchán
Colombia,Boyacá,Sutatenza
Colombia,Boyacá,Tasco
Colombia,Boyacá,Tenza
Colombia,Boyacá,Tibaná
Colombia,Boyacá,Tibasosa
Colombia,Boyacá,Tinjacá
Colombia,Boyacá,Tipacoque
Colombia,Boyacá,Toca
Colombia,Boyacá,Togüí
Colombia,Boyacá,Tópaga
Colombia,Boyacá,Tota
Colombia,Boyacá,Tununguá
Colombia,Boyacá,Turmequé
Colombia,Boyacá,Tuta
Colombia,Boyacá,Tutazá
Colombia,Boyacá,Úmbita
Colombia,Boyacá,Ventaquemada
Colombia,Boyacá,Viracachá
Colombia,Boyacá,Zetaquira
Colombia,Caldas,Manizales
Colombia,Caldas,Aguadas
Colombia,Caldas,Anserma
Colombia,Caldas,Aranzazu
Colombia,Caldas,Belalcázar
Colombia,Caldas,Chinchiná
Colombia,Caldas,Filadelfia
Colombia,Caldas,La Dorada
Colombia,Caldas,La Merced
Colombia,Caldas,Manzanares
Colombia,Caldas,Marmato
Colombia,Caldas,Marquetalia
Colombia,Caldas,Marulanda
Colombia,Caldas,Neira
Colombia,Caldas,Norcasia
Colombia,Caldas,Pácora
Colombia,Caldas,Palestina
Colombia,Caldas,Pensilvania
Colombia,Caldas,Riosucio
Colombia,Caldas,Risaralda
Colombia,Caldas,Salamina
Colombia,Caldas,Samaná
Colombia,Caldas,San José
Colombia,Caldas,Supía
Colombia,Caldas,Victoria
Colombia,Caldas,Villamaría
Colombia,Caldas,Viterbo
Colombia,Caquetá,Florencia
Colombia,Caquetá,Albania
Colombia,Caquetá,Belén De Los Andaquíes
Colombia,Caquetá,Cartagena Del Chairá
Colombia,Caquetá,Curillo
Colombia,Caquetá,El Doncello
Colombia,Caquetá,El Paujíl
Colombia,Caquetá,La Montañita
Colombia,Caquetá,Milán
Colombia,Caquetá,Morelia
Colombia,Caquetá,Puerto Rico
Colombia,Caquetá,San José Del Fragua
Colombia,Caquetá,San Vicente Del Caguán
Colombia,Caquetá,Solano
Colombia,Caquetá,Solita
Colombia,Caquetá,Valparaíso
Colombia,Cauca,Popayán
Colombia,Cauca,Almaguer
Colombia,Cauca,Argelia
Colombia,Cauca,Balboa
Colombia,Cauca,Bolívar
Colombia,Cauca,Buenos Aires
Colombia,Cauca,Cajibío
Colombia,Cauca,Caldono
Colombia,Cauca,Caloto
Colombia,Cauca,Corinto
Colombia,Cauca,El Tambo
Colombia,Cauca,Florencia
Colombia,Cauca,Guachené
Colombia,Cauca,Guapí
Colombia,Cauca,Inzá
Colombia,Cauca,Jambaló
Colombia,Cauca,La Sierra
Colombia,Cauca,La Vega
Colombia,Cauca,López De Micay
Colombia,Cauca,Mercaderes
Colombia,Cauca,Miranda
Colombia,Cauca,Morales
Colombia,Cauca,Padilla
Colombia,Cauca,Páez
Colombia,Cauca,Patía
Colombia,Cauca,Piamonte
Colombia,Cauca,Piendamó - Tunía
Colombia,Cauca,Puerto Tejada
Colombia,Cauca,Puracé
Colombia,Cauca,Rosas
Colombia,Cauca,San Sebastián
Colombia,Cauca,Santander De Quilichao
Colombia,Cauca,Santa Rosa
Colombia,Cauca,Silvia
Colombia,Cauca,Sotara
Colombia,Cauca,Suárez
Colombia,Cauca,Sucre
Colombia,Cauca,Timbío
Colombia,Cauca,Timbiquí
Colombia,Cauca,Toribío
Colombia,Cauca,Totoró
Colombia,Cauca,Villa Rica
Colombia,Cesar,Valledupar
Colombia,Cesar,Aguachica
Colombia,Cesar,Agustín Codazzi
Colombia,Cesar,Astrea
Colombia,Cesar,Becerril
Colombia,Cesar,Bosconia
Colombia,Cesar,Chimichagua
Colombia,Cesar,Chiriguaná
Colombia,Cesar,Curumaní
Colombia,Cesar,El Copey
Colombia,Cesar,El Paso
Colombia,Cesar,Gamarra
Colombia,Cesar,González
Colombia,Cesar,La Gloria
Colombia,Cesar,La Jagua De Ibirico
Colombia,Cesar,Manaure Balcón Del Cesar
Colombia,Cesar,Pailitas
Colombia,Cesar,Pelaya
Colombia,Cesar,Pueblo Bello
Colombia,Cesar,Río De Oro
Colombia,Cesar,La Paz
Colombia,Cesar,San Alberto
Colombia,Cesar,San Diego
Colombia,Cesar,San Martín
Colombia,Cesar,Tamalameque
Colombia,Córdoba,Montería
Colombia,Córdoba,Ayapel
Colombia,Córdoba,Buenavista
Colombia,Córdoba,Canalete
Colombia,Córdoba,Cereté
Colombia,Córdoba,Chimá
Colombia,Córdoba,Chinú
Colombia,Córdoba,Ciénaga De Oro
Colombia,Córdoba,Cotorra
Colombia,Córdoba,La Apartada
Colombia,Córdoba,Lorica
Colombia,Córdoba,Los Córdobas
Colombia,Córdoba,Momil
Colombia,Córdoba,Montelíbano
Colombia,Córdoba,Moñitos
Colombia,Córdoba,Planeta Rica
Colombia,Córdoba,Pueblo Nuevo
Colombia,Córdoba,Puerto Escondido
Colombia,Córdoba,Puerto Libertador
Colombia,Córdoba,Purísima De La Concepción
Colombia,Córdoba,Sahagún
Colombia,Córdoba,San Andrés De Sotavento
Colombia,Córdoba,San Antero
Colombia,Córdoba,San Bernardo Del Viento
Colombia,Córdoba,San Carlos
Colombia,Córdoba,San José De Uré
Colombia,Córdoba,San Pelayo
Colombia,Córdoba,Tierralta
Colombia,Córdoba,Tuchín
Colombia,Córdoba,Valencia
Colombia,Cundinamarca,Agua De Dios
Colombia,Cundinamarca,Albán
Colombia,Cundinamarca,Anapoima
Colombia,Cundinamarca,Anolaima
Colombia,Cundinamarca,Arbeláez
Colombia,Cundinamarca,Beltrán
Colombia,Cundinamarca,Bituima
Colombia,Cundinamarca,Bojacá
Colombia,Cundinamarca,Cabrera
Colombia,Cundinamarca,Cachipay
Colombia,Cundinamarca,Cajicá
Colombia,Cundinamarca,Caparrapí
Colombia,Cundinamarca,Cáqueza
Colombia,Cundinamarca,Carmen De Carupa
Colombia,Cundinamarca,Chaguaní
Colombia,Cundinamarca,Chía
Colombia,Cundinamarca,Chipaque
Colombia,Cundinamarca,Choachí
Colombia,Cundinamarca,Chocontá
Colombia,Cundinamarca,Cogua
Colombia,Cundinamarca,Cota
Colombia,Cundinamarca,Cucunubá
Colombia,Cundinamarca,El Colegio
Colombia,Cundinamarca,El Peñón
Colombia,Cundinamarca,El Rosal
Colombia,Cundinamarca,Facatativá
Colombia,Cundinamarca,Fómeque
Colombia,Cundinamarca,Fosca
Colombia,Cundinamarca,Funza
Colombia,Cundinamarca,Fúquene
Colombia,Cundinamarca,Fusagasugá
Colombia,Cundinamarca,Gachalá
Colombia,Cundinamarca,Gachancipá
Colombia,Cundinamarca,Gachetá
Colombia,Cundinamarca,Gama
Colombia,Cundinamarca,Girardot
Colombia,Cundinamarca,Granada
Colombia,Cundinamarca,Guachetá
Colombia,Cundinamarca,Guaduas
Colombia,Cundinamarca,Guasca
Colombia,Cundinamarca,Guataquí
Colombia,Cundinamarca,Guatavita
Colombia,Cundinamarca,Guayabal De Síquima
Colombia,Cundinamarca,Guayabetal
Colombia,Cundinamarca,Gutiérrez
Colombia,Cundinamarca,Jerusalén
Colombia,Cundinamarca,Junín
Colombia,Cundinamarca,La Calera
Colombia,Cundinamarca,La Mesa
Colombia,Cundinamarca,La Palma
Colombia,Cundinamarca,La Peña
Colombia,Cundinamarca,La Vega
Colombia,Cundinamarca,Lenguazaque
Colombia,Cundinamarca,Machetá
Colombia,Cundinamarca,Madrid
Colombia,Cundinamarca,Manta
Colombia,Cundinamarca,Medina
Colombia,Cundinamarca,Mosquera
Colombia,Cundinamarca,Nariño
Colombia,Cundinamarca,Nemocón
Colombia,Cundinamarca,Nilo
Colombia,Cundinamarca,Nimaima
Colombia,Cundinamarca,Nocaima
Colombia,Cundinamarca,Venecia
Colombia,Cundinamarca,Pacho
Colombia,Cundinamarca,Paime
Colombia,Cundinamarca,Pandi
Colombia,Cundinamarca,Paratebueno
Colombia,Cundinamarca,Pasca
Colombia,Cundinamarca,Puerto Salgar
Colombia,Cundinamarca,Pulí
Colombia,Cundinamarca,Quebradanegra
Colombia,Cundinamarca,Quetame
Colombia,Cundinamarca,Quipile
Colombia,Cundinamarca,Apulo
Colombia,Cundinamarca,Ricaurte
Colombia,Cundinamarca,San Antonio Del Tequendama
Colombia,Cundinamarca,San Bernardo
Colombia,Cundinamarca,San Cayetano
Colombia,Cundinamarca,San Francisco
Colombia,Cundinamarca,San Juan De Rioseco
Colombia,Cundinamarca,Sasaima
Colombia,Cundinamarca,Sesquilé
Colombia,Cundinamarca,Sibaté
Colombia,Cundinamarca,Silvania
Colombia,Cundinamarca,Simijaca
Colombia,Cundinamarca,Soacha
Colombia,Cundinamarca,Sopó
Colombia,Cundinamarca,Subachoque
Colombia,Cundinamarca,Suesca
Colombia,Cundinamarca,Supatá
Colombia,Cundinamarca,Susa
Colombia,Cundinamarca,Sutatausa
Colombia,Cundinamarca,Tabio
Colombia,Cundinamarca,Tausa
Colombia,Cundinamarca,Tena
Colombia,Cundinamarca,Tenjo
Colombia,Cundinamarca,Tibacuy
Colombia,Cundinamarca,Tibirita
Colombia,Cundinamarca,Tocaima
Colombia,Cundinamarca,Tocancipá
Colombia,Cundinamarca,Topaipí
Colombia,Cundinamarca,Ubalá
Colombia,Cundinamarca,Ubaque
Colombia,Cundinamarca,Villa De San Diego De Ubaté
Colombia,Cundinamarca,Une
Colombia,Cundinamarca,Útica
Colombia,Cundinamarca,Vergara
Colombia,Cundinamarca,Vianí
Colombia,Cundinamarca,Villagómez
Colombia,Cundinamarca,Villapinzón
Colombia,Cundinamarca,Villeta
Colombia,Cundinamarca,Viotá
Colombia,Cundinamarca,Yacopí
Colombia,Cundinamarca,Zipacón
Colombia,Cundinamarca,Zipaquirá
Colombia,Chocó,Quibdó
Colombia,Chocó,Acandí
Colombia,Chocó,Alto Baudó
Colombia,Chocó,Atrato
Colombia,Chocó,Bagadó
Colombia,Chocó,Bahía Solano
Colombia,Chocó,Bajo Baudó
Colombia,Chocó,Bojayá
Colombia,Chocó,El Cantón Del San Pablo
Colombia,Chocó,Carmen Del Darién
Colombia,Chocó,Cértegui
Colombia,Chocó,Condoto
Colombia,Chocó,El Carmen De Atrato
Colombia,Chocó,El Litoral Del San Juan
Colombia,Chocó,Istmina
Colombia,Chocó,Juradó
Colombia,Chocó,Lloró
Colombia,Chocó,Medio Atrato
Colombia,Chocó,Medio Baudó
Colombia,Chocó,Medio San Juan
Colombia,Chocó,Nóvita
Colombia,Chocó,Nuquí
Colombia,Chocó,Río Iró
Colombia,Chocó,Río Quito
Colombia,Chocó,Riosucio
Colombia,Chocó,San José Del Palmar
Colombia,Chocó,Sipí
Colombia,Chocó,Tadó
Colombia,Chocó,Unguía
Colombia,Chocó,Unión Panamericana
Colombia,Huila,Neiva
Colombia,Huila,Acevedo
Colombia,Huila,Agrado
Colombia,Huila,Aipe
Colombia,Huila,Algeciras
Colombia,Huila,Altamira
Colombia,Huila,Baraya
Colombia,Huila,Campoalegre
Colombia,Huila,Colombia
Colombia,Huila,Elías
Colombia,Huila,Garzón
Colombia,Huila,Gigante
Colombia,Huila,Guadalupe
Colombia,Huila,Hobo
Colombia,Huila,Íquira
Colombia,Huila,Isnos
Colombia,Huila,La Argentina
Colombia,Huila,La Plata
Colombia,Huila,Nátaga
Colombia,Huila,Oporapa
Colombia,Huila,Paicol
Colombia,Huila,Palermo
Colombia,Huila,Palestina
Colombia,Huila,Pital
Colombia,Huila,Pitalito
Colombia,Huila,Rivera
Colombia,Huila,Saladoblanco
Colombia,Huila,San Agustín
Colombia,Huila,Santa María
Colombia,Huila,Suaza
Colombia,Huila,Tarqui
Colombia,Huila,Tesalia
Colombia,Huila,Tello
Colombia,Huila,Teruel
Colombia,Huila,Timaná
Colombia,Huila,Villavieja
Colombia,Huila,Yaguará
Colombia,La Guajira,Riohacha
Colombia,La Guajira,Albania
Colombia,La Guajira,Barrancas
Colombia,La Guajira,Dibulla
Colombia,La Guajira,Distracción
Colombia,La Guajira,El Molino
Colombia,La Guajira,Fonseca
Colombia,La Guajira,Hatonuevo
Colombia,La Guajira,La Jagua Del Pilar
Colombia,La Guajira,Maicao
Colombia,La Guajira,Manaure
Colombia,La Guajira,San Juan Del Cesar
Colombia,La Guajira,Uribia
Colombia,La Guajira,Urumita
Colombia,La Guajira,Villanueva
Colombia,Magdalena,Santa Marta
Colombia,Magdalena,Algarrobo
Colombia,Magdalena,Aracataca
Colombia,Magdalena,Ariguaní
Colombia,Magdalena,Cerro De San Antonio
Colombia,Magdalena,Chivolo
Colombia,Magdalena,Ciénaga
Colombia,Magdalena,Concordia
Colombia,Magdalena,El Banco
Colombia,Magdalena,El Piñón
Colombia,Magdalena,El Retén
Colombia,Magdalena,Fundación
Colombia,Magdalena,Guamal
Colombia,Magdalena,Nueva Granada
Colombia,Magdalena,Pedraza
Colombia,Magdalena,Pijiño Del Carmen
Colombia,Magdalena,Pivijay
Colombia,Magdalena,Plato
Colombia,Magdalena,Puebloviejo
Colombia,Magdalena,Remolino
Colombia,Magdalena,Sabanas De San Ángel
Colombia,Magdalena,Salamina
Colombia,Magdalena,San Sebastián De Buenavista
Colombia,Magdalena,San Zenón
Colombia,Magdalena,Santa Ana
Colombia,Magdalena,Santa Bárbara De Pinto
Colombia,Magdalena,Sitionuevo
Colombia,Magdalena,Tenerife
Colombia,Magdalena,Zapayán
Colombia,Magdalena,Zona Bananera
Colombia,Meta,Villavicencio
Colombia,Meta,Acacías
Colombia,Meta,Barranca De Upía
Colombia,Meta,Cabuyaro
Colombia,Meta,Castilla La Nueva
Colombia,Meta,Cubarral
Colombia,Meta,Cumaral
Colombia,Meta,El Calvario
Colombia,Meta,El Castillo
Colombia,Meta,El Dorado
Colombia,Meta,Fuentedeoro
Colombia,Meta,Granada
Colombia,Meta,Guamal
Colombia,Meta,Mapiripán
Colombia,Meta,Mesetas
Colombia,Meta,La Macarena
Colombia,Meta,Uribe
Colombia,Meta,Lejanías
Colombia,Meta,Puerto Concordia
Colombia,Meta,Puerto Gaitán
Colombia,Meta,Puerto López
Colombia,Meta,Puerto Lleras
Colombia,Meta,Puerto Rico
Colombia,Meta,Restrepo
Colombia,Meta,San Carlos De Guaroa
Colombia,Meta,San Juan De Arama
Colombia,Meta,San Juanito
Colombia,Meta,San Martín
Colombia,Meta,Vistahermosa
Colombia,Nariño,Pasto
Colombia,Nariño,Albán
Colombia,Nariño,Aldana
Colombia,Nariño,Ancuyá
Colombia,Nariño,Arboleda
Colombia,Nariño,Barbacoas
Colombia,Nariño,Belén
Colombia,Nariño,Buesaco
Colombia,Nariño,Colón
Colombia,Nariño,Consacá
Colombia,Nariño,Contadero
Colombia,Nariño,Córdoba
Colombia,Nariño,Cuaspúd
Colombia,Nariño,Cumbal
Colombia,Nariño,Cumbitara
Colombia,Nariño,Chachagüí
Colombia,Nariño,El Charco
Colombia,Nariño,El Peñol
Colombia,Nariño,El Rosario
Colombia,Nariño,El Tablón De Gómez
Colombia,Nariño,El Tambo
Colombia,Nariño,Funes
Colombia,Nariño,Guachucal
Colombia,Nariño,Guaitarilla
Colombia,Nariño,Gualmatán
Colombia,Nariño,Iles
Colombia,Nariño,Imués
Colombia,Nariño,Ipiales
Colombia,Nariño,La Cruz
Colombia,Nariño,La Florida
Colombia,Nariño,La Llanada
Colombia,Nariño,La Tola
Colombia,Nariño,La Unión
Colombia,Nariño,Leiva
Colombia,Nariño,Linares
Colombia,Nariño,Los Andes
Colombia,Nariño,Magüí
Colombia,Nariño,Mallama
Colombia,Nariño,Mosquera
Colombia,Nariño,Nariño
Colombia,Nariño,Olaya Herrera
Colombia,Nariño,Ospina
Colombia,Nariño,Francisco Pizarro
Colombia,Nariño,Policarpa
Colombia,Nariño,Potosí
Colombia,Nariño,Providencia
Colombia,Nariño,Puerres
Colombia,Nariño,Pupiales
Colombia,Nariño,Ricaurte
Colombia,Nariño,Roberto Payán
Colombia,Nariño,Samaniego
Colombia,Nariño,Sandoná
Colombia,Nariño,San Bernardo
Colombia,Nariño,San Lorenzo
Colombia,Nariño,San Pablo
Colombia,Nariño,San Pedro De Cartago
Colombia,Nariño,Santa Bárbara
Colombia,Nariño,Santacruz
Colombia,Nariño,Sapuyes
Colombia,Nariño,Taminango
Colombia,Nariño,Tangua
Colombia,Nariño,San Andrés De Tumaco
Colombia,Nariño,Túquerres
Colombia,Nariño,Yacuanquer
Colombia,Norte De Santander,Cúcuta
Colombia,Norte De Santander,Ábrego
Colombia,Norte De Santander,Arboledas
Colombia,Norte De Santander,Bochalema
Colombia,Norte De Santander,Bucarasica
Colombia,Norte De Santander,Cácota
Colombia,Norte De Santander,Cáchira
Colombia,Norte De Santander,Chinácota
Colombia,Norte De Santander,Chitagá
Colombia,Norte De Santander,Convención
Colombia,Norte De Santander,Cucutilla
Colombia,Norte De Santander,Durania
Colombia,Norte De Santander,El Carmen
Colombia,Norte De Santander,El Tarra
Colombia,Norte De Santander,El Zulia
Colombia,Norte De Santander,Gramalote
Colombia,Norte De Santander,Hacarí
Colombia,Norte De Santander,Herrán
Colombia,Norte De Santander,Labateca
Colombia,Norte De Santander,La Esperanza
Colombia,Norte De Santander,La Playa
Colombia,Norte De Santander,Los Patios
Colombia,Norte De Santander,Lourdes
Colombia,Norte De Santander,Mutiscua
Colombia,Norte De Santander,Ocaña
Colombia,Norte De Santander,Pamplona
Colombia,Norte De Santander,Pamplonita
Colombia,Norte De Santander,Puerto Santander
Colombia,Norte De Santander,Ragonvalia
Colombia,Norte De Santander,Salazar
Colombia,Norte De Santander,San Calixto
Colombia,Norte De Santander,San Cayetano
Colombia,Norte De Santander,Santiago
Colombia,Norte De Santander,Sardinata
Colombia,Norte De Santander,Silos
Colombia,Norte De Santander,Teorama
Colombia,Norte De Santander,Tibú
Colombia,Norte De Santander,Toledo
Colombia,Norte De Santander,Villa Caro
Colombia,Norte De Santander,Villa Del Rosario
Colombia,Quindío,Armenia
Colombia,Quindío,Buenavista
Colombia,Quindío,Calarcá
Colombia,Quindío,Circasia
Colombia,Quindío,Córdoba
Colombia,Quindío,Filandia
Colombia,Quindío,Génova
Colombia,Quindío,La Tebaida
Colombia,Quindío,Montenegro
Colombia,Quindío,Pijao
Colombia,Quindío,Quimbaya
Colombia,Quindío,Salento
Colombia,Risaralda,Pereira
Colombia,Risaralda,Apía
Colombia,Risaralda,Balboa
Colombia,Risaralda,Belén De Umbría
Colombia,Risaralda,Dosquebradas
Colombia,Risaralda,Guática
Colombia,Risaralda,La Celia
Colombia,Risaralda,La Virginia
Colombia,Risaralda,Marsella
Colombia,Risaralda,Mistrató
Colombia,Risaralda,Pueblo Rico
Colombia,Risaralda,Quinchía
Colombia,Risaralda,Santa Rosa De Cabal
Colombia,Risaralda,Santuario
Colombia,Santander,Bucaramanga
Colombia,Santander,Aguada
Colombia,Santander,Albania
Colombia,Santander,Aratoca
Colombia,Santander,Barbosa
Colombia,Santander,Barichara
Colombia,Santander,Barrancabermeja
Colombia,Santander,Betulia
Colombia,Santander,Bolívar
Colombia,Santander,Cabrera
Colombia,Santander,California
Colombia,Santander,Capitanejo
Colombia,Santander,Carcasí
Colombia,Santander,Cepitá
Colombia,Santander,Cerrito
Colombia,Santander,Charalá
Colombia,Santander,Charta
Colombia,Santander,Chima
Colombia,Santander,Chipatá
Colombia,Santander,Cimitarra
Colombia,Santander,Concepción
Colombia,Santander,Confines
Colombia,Santander,Contratación
Colombia,Santander,Coromoro
Colombia,Santander,Curití
Colombia,Santander,El Carmen De Chucurí
Colombia,Santander,El Guacamayo
Colombia,Santander,El Peñón
Colombia,Santander,El Playón
Colombia,Santander,Encino
Colombia,Santander,Enciso
Colombia,Santander,Florián
Colombia,Santander,Floridablanca
Colombia,Santander,Galán
Colombia,Santander,Gámbita
Colombia,Santander,Girón
Colombia,Santander,Guaca
Colombia,Santander,Guadalupe
Colombia,Santander,Guapotá
Colombia,Santander,Guavatá
Colombia,Santander,Güepsa
Colombia,Santander,Hato
Colombia,Santander,Jesús María
Colombia,Santander,Jordán
Colombia,Santander,La Belleza
Colombia,Santander,Landázuri
Colombia,Santander,La Paz
Colombia,Santander,Lebrija
Colombia,Santander,Los Santos
Colombia,Santander,Macaravita
Colombia,Santander,Málaga
Colombia,Santander,Matanza
Colombia,Santander,Mogotes
Colombia,Santander,Molagavita
Colombia,Santander,Ocamonte
Colombia,Santander,Oiba
Colombia,Santander,Onzaga
Colombia,Santander,Palmar
Colombia,Santander,Palmas Del Socorro
Colombia,Santander,Páramo
Colombia,Santander,Piedecuesta
Colombia,Santander,Pinchote
Colombia,Santander,Puente Nacional
Colombia,Santander,Puerto Parra
Colombia,Santander,Puerto Wilches
Colombia,Santander,Rionegro
Colombia,Santander,Sabana De Torres
Colombia,Santander,San Andrés
Colombia,Santander,San Benito
Colombia,Santander,San Gil
Colombia,Santander,San Joaquín
Colombia,Santander,San José De Miranda
Colombia,Santander,San Miguel
Colombia,Santander,San Vicente De Chucurí
Colombia,Santander,Santa Bárbara
Colombia,Santander,Santa Helena Del Opón
Colombia,Santander,Simacota
Colombia,Santander,Socorro
Colombia,Santander,Suaita
Colombia,Santander,Sucre
Colombia,Santander,Suratá
Colombia,Santander,Tona
Colombia,Santander,Valle De San José
Colombia,Santander,Vélez
Colombia,Santander,Vetas
Colombia,Santander,Villanueva
Colombia,Santander,Zapatoca
Colombia,Sucre,Sincelejo
Colombia,Sucre,Buenavista
Colombia,Sucre,Caimito
Colombia,Sucre,Colosó
Colombia,Sucre,Corozal
Colombia,Sucre,Coveñas
Colombia,Sucre,Chalán
Colombia,Sucre,El Roble
Colombia,Sucre,Galeras
Colombia,Sucre,Guaranda
Colombia,Sucre,La Unión
Colombia,Sucre,Los Palmitos
Colombia,Sucre,Majagual
Colombia,Sucre,Morroa
Colombia,Sucre,Ovejas
Colombia,Sucre,Palmito
Colombia,Sucre,Sampués
Colombia,Sucre,San Benito Abad
Colombia,Sucre,San Juan De Betulia
Colombia,Sucre,San Marcos
Colombia,Sucre,San Onofre
Colombia,Sucre,San Pedro
Colombia,Sucre,San Luis De Sincé
Colombia,Sucre,Sucre
Colombia,Sucre,Santiago De Tolú
Colombia,Sucre,Tolú Viejo
Colombia,Tolima,Ibagué
Colombia,Tolima,Alpujarra
Colombia,Tolima,Alvarado
Colombia,Tolima,Ambalema
Colombia,Tolima,Anzoátegui
Colombia,Tolima,Armero
Colombia,Tolima,Ataco
Colombia,Tolima,Cajamarca
Colombia,Tolima,Carmen De Apicalá
Colombia,Tolima,Casabianca
Colombia,Tolima,Chaparral
Colombia,Tolima,Coello
Colombia,Tolima,Coyaima
Colombia,Tolima,Cunday
Colombia,Tolima,Dolores
Colombia,Tolima,Espinal
Colombia,Tolima,Falan
Colombia,Tolima,Flandes
Colombia,Tolima,Fresno
Colombia,Tolima,Guamo
Colombia,Tolima,Herveo
Colombia,Tolima,Honda
Colombia,Tolima,Icononzo
Colombia,Tolima,Lérida
Colombia,Tolima,Líbano
Colombia,Tolima,San Sebastián De Mariquita
Colombia,Tolima,Melgar
Colombia,Tolima,Murillo
Colombia,Tolima,Natagaima
Colombia,Tolima,Ortega
Colombia,Tolima,Palocabildo
Colombia,Tolima,Piedras
Colombia,Tolima,Planadas
Colombia,Tolima,Prado
Colombia,Tolima,Purificación
Colombia,Tolima,Rioblanco
Colombia,Tolima,Roncesvalles
Colombia,Tolima,Rovira
Colombia,Tolima,Saldaña
Colombia,Tolima,San Antonio
Colombia,Tolima,San Luis
Colombia,Tolima,Santa Isabel
Colombia,Tolima,Suárez
Colombia,Tolima,Valle De San Juan
Colombia,Tolima,Venadillo
Colombia,Tolima,Villahermosa
Colombia,Tolima,Villarrica
Colombia,Valle Del Cauca,Cali
Colombia,Valle Del Cauca,Alcalá
Colombia,Valle Del Cauca,Andalucía
Colombia,Valle Del Cauca,Ansermanuevo
Colombia,Valle Del Cauca,Argelia
Colombia,Valle Del Cauca,Bolívar
Colombia,Valle Del Cauca,Buenaventura
Colombia,Valle Del Cauca,Guadalajara De Buga
Colombia,Valle Del Cauca,Bugalagrande
Colombia,Valle Del Cauca,Caicedonia
Colombia,Valle Del Cauca,Calima
Colombia,Valle Del Cauca,Candelaria
Colombia,Valle Del Cauca,Cartago
Colombia,Valle Del Cauca,Dagua
Colombia,Valle Del Cauca,El Águila
Colombia,Valle Del Cauca,El Cairo
Colombia,Valle Del Cauca,El Cerrito
Colombia,Valle Del Cauca,El Dovio
Colombia,Valle Del Cauca,Florida
Colombia,Valle Del Cauca,Ginebra
Colombia,Valle Del Cauca,Guacarí
Colombia,Valle Del Cauca,Jamundí
Colombia,Valle Del Cauca,La Cumbre
Colombia,Valle Del Cauca,La Unión
Colombia,Valle Del Cauca,La Victoria
Colombia,Valle Del Cauca,Obando
Colombia,Valle Del Cauca,Palmira
Colombia,Valle Del Cauca,Pradera
Colombia,Valle Del Cauca,Restrepo
Colombia,Valle Del Cauca,Riofrío
Colombia,Valle Del Cauca,Roldanillo
Colombia,Valle Del Cauca,San Pedro
Colombia,Valle Del Cauca,Sevilla
Colombia,Valle Del Cauca,Toro
Colombia,Valle Del Cauca,Trujillo
Colombia,Valle Del Cauca,Tuluá
Colombia,Valle Del Cauca,Ulloa
Colombia,Valle Del Cauca,Versalles
Colombia,Valle Del Cauca,Vijes
Colombia,Valle Del Cauca,Yotoco
Colombia,Valle Del Cauca,Yumbo
Colombia,Valle Del Cauca,Zarzal
Colombia,Arauca,Arauca
Colombia,Arauca,Arauquita
Colombia,Arauca,Cravo Norte
Colombia,Arauca,Fortul
Colombia,Arauca,Puerto Rondón
Colombia,Arauca,Saravena
Colombia,Arauca,Tame
Colombia,Casanare,Yopal
Colombia,Casanare,Aguazul
Colombia,Casanare,Chámeza
Colombia,Casanare,Hato Corozal
Colombia,Casanare,La Salina
Colombia,Casanare,Maní
Colombia,Casanare,Monterrey
Colombia,Casanare,Nunchía
Colombia,Casanare,Orocué
Colombia,Casanare,Paz De Ariporo
Colombia,Casanare,Pore
Colombia,Casanare,Recetor
Colombia,Casanare,Sabanalarga
Colombia,Casanare,Sácama
Colombia,Casanare,San Luis De Palenque
Colombia,Casanare,Támara
Colombia,Casanare,Tauramena
Colombia,Casanare,Trinidad
Colombia,Casanare,Villanueva
Colombia,Putumayo,Mocoa
Colombia,Putumayo,Colón
Colombia,Putumayo,Orito
Colombia,Putumayo,Puerto Asís
Colombia,Putumayo,Puerto Caicedo
Colombia,Putumayo,Puerto Guzmán
Colombia,Putumayo,Puerto Leguízamo
Colombia,Putumayo,Sibundoy
Colombia,Putumayo,San Francisco
Colombia,Putumayo,San Miguel
Colombia,Putumayo,Santiago
Colombia,Putumayo,Valle Del Guamuez
Colombia,Putumayo,Villagarzón
Colombia,Archipiélago De San Andrés, Providencia Y San Andrés
Colombia,Archipiélago De San Andrés, Providencia Y Providencia
Colombia,Amazonas,Leticia
Colombia,Amazonas,El Encanto
Colombia,Amazonas,La Chorrera
Colombia,Amazonas,La Pedrera
Colombia,Amazonas,La Victoria
Colombia,Amazonas,Mirití - Paraná
Colombia,Amazonas,Puerto Alegría
Colombia,Amazonas,Puerto Arica
Colombia,Amazonas,Puerto Nariño
Colombia,Amazonas,Puerto Santander
Colombia,Amazonas,Tarapacá
Colombia,Guainía,Inírida
Colombia,Guainía,Barranco Minas
Colombia,Guainía,Mapiripana
Colombia,Guainía,San Felipe
Colombia,Guainía,Puerto Colombia
Colombia,Guainía,La Guadalupe
Colombia,Guainía,Cacahual
Colombia,Guainía,Pana Pana
Colombia,Guainía,Morichal
Colombia,Guaviare,San José Del Guaviare
Colombia,Guaviare,Calamar
Colombia,Guaviare,El Retorno
Colombia,Guaviare,Miraflores
Colombia,Vaupés,Mitú
Colombia,Vaupés,Carurú
Colombia,Vaupés,Pacoa
Colombia,Vaupés,Taraira
Colombia,Vaupés,Papunahua
Colombia,Vaupés,Yavaraté
Colombia,Vichada,Puerto Carreño
Colombia,Vichada,La Primavera
Colombia,Vichada,Santa Rosalía
Colombia,Vichada,Cumaribo
Panamá,Bocas del Toro,-
Panamá,Coclé,-
Panamá,Colón,-
Panamá,Chiriquí,-
Panamá,Darién,-
Panamá,Herrera,-
Panamá,Los Santos,-
Panamá,Panamá,-
Panamá,Veraguas,-
Panamá,Panamá Oeste,-
Ecuador,Azuay,-
Ecuador,Bolívar,-
Ecuador,Cañar,-
Ecuador,Carchi,-
Ecuador,Chimborazo,-
Ecuador,Cotopaxi,-
Ecuador,El Oro,-
Ecuador,Esmeraldas,-
Ecuador,Galápagos,-
Ecuador,Guayas,-
Ecuador,Imbabura,-
Ecuador,Loja,-
Ecuador,Los Ríos,-
Ecuador,Manabí,-
Ecuador,Morona Santiago,-
Ecuador,Napo,-
Ecuador,Orellana,-
Ecuador,Pastaza,-
Ecuador,Pichincha,-
Ecuador,Santa Elena,-
Ecuador,Santo Domingo de los Tsáchilas,-
Ecuador,Sucumbíos,-
Ecuador,Tungurahua,-
Ecuador,Zamora Chinchipe,-